Workbook

Sheet Données
A1: Entreprise | B1: Secteur | C1: CA | D1: Résultat Net | E1: Trésorerie | F1: Endettement | G1: Effectifs | H1: Retard Paiement
A2: SARL ALPHA | B2: Commerce | C2: 450000 | D2: -12000 | E2: 5000 | F2: 280000 | G2: 8 | H2: 45
A3: SAS BETA | B3: Industrie | C3: 1200000 | D3: 45000 | E3: 180000 | F3: 350000 | G3: 25 | H3: 12
A4: SCI GAMMA | B4: Immobilier | C4: 320000 | D4: -5500 | E4: 2000 | F4: 195000 | G4: 3 | H4: 68
A5: EURL DELTA | B5: Service | C5: 890000 | D5: 78000 | E5: 245000 | F5: 120000 | G5: 12 | H5: 5
A6: SAS EPSILON | B6: Construction | C6: 2100000 | D6: -85000 | E6: -15000 | F6: 1250000 | G6: 40 | H6: 52
A7: SARL ZETA | B7: Commerce | C7: 340000 | D7: 12000 | E7: 45000 | F7: 180000 | G7: 6 | H7: 22
A8: SAS ETA | B8: Industrie | C8: 760000 | D8: 32000 | E8: 95000 | F8: 420000 | G8: 18 | H8: 15
A9: SCI THETA | B9: Immobilier | C9: 510000 | D9: -18000 | E9: -5000 | F9: 380000 | G9: 4 | H9: 78
A10: EURL IOTA | B10: Service | C10: 430000 | D10: 15000 | E10: 32000 | F10: 95000 | G10: 7 | H10: 18
A11: SAS KAPPA | B11: Construction | C11: 980000 | D11: -42000 | E11: -25000 | F11: 750000 | G11: 22 | H11: 61
A12: SARL LAMBDA | B12: Commerce | C12: 280000 | D12: -8000 | E12: 12000 | F12: 210000 | G12: 5 | H12: 55
A13: SAS MU | B13: Industrie | C13: 1500000 | D13: 68000 | E13: 320000 | F13: 450000 | G13: 30 | H13: 8
... A21: SAS UPSILON | B21: Construction | C21: 890000 | D21: -38000 | E21: -12000 | F21: 620000 | G21: 18 | H21: 49

Sheet Scoring
A1: Entreprise | B1: Marge Nette | C1: Ratio Endettement | D1: Ratio Trésorerie | E1: Score brute | F1: Score normalisé | G1: Catégori
A2: ='Données'!A2 -> SARL ALPHA | B2: =IF('Données'!D2<>0,'Données'!D2/'Données'!C2*100,0) -> -2.6666667 | C2: =IF('Données'!C2<>0,'Données'!F2/'Données'!C2*100,0) -> 62.222222 | D2: =IF('Données'!C2<>0,'Données'!E2/'Données'!C2*100,0) -> 1.1111111 | E2: =(C2*30+'Données'!H2*1.5+D2*20+B2*1) -> 1953.7222 | F2: =((E2-MIN(E2:E21))/MAX(E2:E21))*100 -> 48.259247 | G2: =IF(F2<30,"Faible",IF(F2<60,"Modéré","Élevée")) -> Modéré
A3: ='Données'!A3 -> SAS BETA | B3: =IF('Données'!D3<>0,'Données'!D3/'Données'!C3*100,0) -> 3.75 | C3: =IF('Données'!C3<>0,'Données'!F3/'Données'!C3*100,0) -> 29.166667 | D3: =IF('Données'!C3<>0,'Données'!E3/'Données'!C3*100,0) -> 15 | E3: =(C3*30+'Données'!H3*1.5+D3*20+B3*1) -> 1196.75 | F3: =((E3-MIN(E3:E22))/MAX(E3:E22))*100 -> 17.737469 | G3: =IF(F3<30,"Faible",IF(F3<60,"Modéré","Élevée")) -> Faible
A4: ='Données'!A4 -> SCI GAMMA | B4: =IF('Données'!D4<>0,'Données'!D4/'Données'!C4*100,0) -> -1.71875 | C4: =IF('Données'!C4<>0,'Données'!F4/'Données'!C4*100,0) -> 60.9375 | D4: =IF('Données'!C4<>0,'Données'!E4/'Données'!C4*100,0) -> 0.625 | E4: =(C4*30+'Données'!H4*1.5+D4*20+B4*1) -> 1940.9062 | F4: =((E4-MIN(E4:E23))/MAX(E4:E23))*100 -> 47.742496 | G4: =IF(F4<30,"Faible",IF(F4<60,"Modéré","Élevée")) -> Modéré
A5: ='Données'!A5 -> EURL DELTA | B5: =IF('Données'!D5<>0,'Données'!D5/'Données'!C5*100,0) -> 8.7640449 | C5: =IF('Données'!C5<>0,'Données'!F5/'Données'!C5*100,0) -> 13.483146 | D5: =IF('Données'!C5<>0,'Données'!E5/'Données'!C5*100,0) -> 27.52809 | E5: =(C5*30+'Données'!H5*1.5+D5*20+B5*1) -> 971.32022 | F5: =((E5-MIN(E5:E24))/MAX(E5:E24))*100 -> 8.6479442 | G5: =IF(F5<30,"Faible",IF(F5<60,"Modéré","Élevée")) -> Faible
A6: ='Données'!A6 -> SAS EPSILON | B6: =IF('Données'!D6<>0,'Données'!D6/'Données'!C6*100,0) -> -4.047619 | C6: =IF('Données'!C6<>0,'Données'!F6/'Données'!C6*100,0) -> 59.52381 | D6: =IF('Données'!C6<>0,'Données'!E6/'Données'!C6*100,0) -> -0.71428571 | E6: =(C6*30+'Données'!H6*1.5+D6*20+B6*1) -> 1845.381 | F6: =((E6-MIN(E6:E25))/MAX(E6:E25))*100 -> 43.890833 | G6: =IF(F6<30,"Faible",IF(F6<60,"Modéré","Élevée")) -> Modéré
A7: ='Données'!A7 -> SARL ZETA | B7: =IF('Données'!D7<>0,'Données'!D7/'Données'!C7*100,0) -> 3.5294118 | C7: =IF('Données'!C7<>0,'Données'!F7/'Données'!C7*100,0) -> 52.941176 | D7: =IF('Données'!C7<>0,'Données'!E7/'Données'!C7*100,0) -> 13.235294 | E7: =(C7*30+'Données'!H7*1.5+D7*20+B7*1) -> 1889.4706 | F7: =((E7-MIN(E7:E26))/MAX(E7:E26))*100 -> 45.668565 | G7: =IF(F7<30,"Faible",IF(F7<60,"Modéré","Élevée")) -> Modéré
A8: ='Données'!A8 -> SAS ETA | B8: =IF('Données'!D8<>0,'Données'!D8/'Données'!C8*100,0) -> 4.2105263 | C8: =IF('Données'!C8<>0,'Données'!F8/'Données'!C8*100,0) -> 55.263158 | D8: =IF('Données'!C8<>0,'Données'!E8/'Données'!C8*100,0) -> 12.5 | E8: =(C8*30+'Données'!H8*1.5+D8*20+B8*1) -> 1934.6053 | F8: =((E8-MIN(E8:E27))/MAX(E8:E27))*100 -> 47.488434 | G8: =IF(F8<30,"Faible",IF(F8<60,"Modéré","Élevée")) -> Modéré
A9: ='Données'!A9 -> SCI THETA | B9: =IF('Données'!D9<>0,'Données'!D9/'Données'!C9*100,0) -> -3.5294118 | C9: =IF('Données'!C9<>0,'Données'!F9/'Données'!C9*100,0) -> 74.509804 | D9: =IF('Données'!C9<>0,'Données'!E9/'Données'!C9*100,0) -> -0.98039216 | E9: =(C9*30+'Données'!H9*1.5+D9*20+B9*1) -> 2329.1569 | F9: =((E9-MIN(E9:E28))/MAX(E9:E28))*100 -> 63.397098 | G9: =IF(F9<30,"Faible",IF(F9<60,"Modéré","Élevée")) -> Élevée
A10: ='Données'!A10 -> EURL IOTA | B10: =IF('Données'!D10<>0,'Données'!D10/'Données'!C10*100,0) -> 3.4883721 | C10: =IF('Données'!C10<>0,'Données'!F10/'Données'!C10*100,0) -> 22.093023 | D10: =IF('Données'!C10<>0,'Données'!E10/'Données'!C10*100,0) -> 7.4418605 | E10: =(C10*30+'Données'!H10*1.5+D10*20+B10*1) -> 842.11628 | F10: =((E10-MIN(E10:E29))/MAX(E10:E29))*100 -> 3.4383288 | G10: =IF(F10<30,"Faible",IF(F10<60,"Modéré","Élevée")) -> Faible
A11: ='Données'!A11 -> SAS KAPPA | B11: =IF('Données'!D11<>0,'Données'!D11/'Données'!C11*100,0) -> -4.2857143 | C11: =IF('Données'!C11<>0,'Données'!F11/'Données'!C11*100,0) -> 76.530612 | D11: =IF('Données'!C11<>0,'Données'!E11/'Données'!C11*100,0) -> -2.5510204 | E11: =(C11*30+'Données'!H11*1.5+D11*20+B11*1) -> 2332.1122 | F11: =((E11-MIN(E11:E30))/MAX(E11:E30))*100 -> 63.516261 | G11: =IF(F11<30,"Faible",IF(F11<60,"Modéré","Élevée")) -> Élevée
A12: ='Données'!A12 -> SARL LAMBDA | B12: =IF('Données'!D12<>0,'Données'!D12/'Données'!C12*100,0) -> -2.8571429 | C12: =IF('Données'!C12<>0,'Données'!F12/'Données'!C12*100,0) -> 75 | D12: =IF('Données'!C12<>0,'Données'!E12/'Données'!C12*100,0) -> 4.2857143 | E12: =(C12*30+'Données'!H12*1.5+D12*20+B12*1) -> 2415.3571 | F12: =((E12-MIN(E12:E31))/MAX(E12:E31))*100 -> 66.872768 | G12: =IF(F12<30,"Faible",IF(F12<60,"Modéré","Élevée")) -> Élevée
A13: ='Données'!A13 -> SAS MU | B13: =IF('Données'!D13<>0,'Données'!D13/'Données'!C13*100,0) -> 4.5333333 | C13: =IF('Données'!C13<>0,'Données'!F13/'Données'!C13*100,0) -> 30 | D13: =IF('Données'!C13<>0,'Données'!E13/'Données'!C13*100,0) -> 21.333333 | E13: =(C13*30+'Données'!H13*1.5+D13*20+B13*1) -> 1343.2 | F13: =((E13-MIN(E13:E32))/MAX(E13:E32))*100 -> 23.64246 | G13: =IF(F13<30,"Faible",IF(F13<60,"Modéré","Élevée")) -> Faible
... A21: ='Données'!A21 -> SAS UPSILON | B21: =IF('Données'!D21<>0,'Données'!D21/'Données'!C21*100,0) -> -4.2696629 | C21: =IF('Données'!C21<>0,'Données'!F21/'Données'!C21*100,0) -> 69.662921 | D21: =IF('Données'!C21<>0,'Données'!E21/'Données'!C21*100,0) -> -1.3483146 | E21: =(C21*30+'Données'!H21*1.5+D21*20+B21*1) -> 2132.1517 | F21: =((E21-MIN(E21:E40))/MAX(E21:E40))*100 -> 0 | G21: =IF(F21<30,"Faible",IF(F21<60,"Modéré","Élevée")) -> Faible

Sheet Tableau de bord
B1: Nombre d'entreprises à analyser:20
A4: Risque faible | B4: =COUNTIF(Scoring!G2:G21,"Faible") -> 8
A5: Risque modéré | B5: =COUNTIF(Scoring!G3:G22,"Modéré") -> 6
A6: Risque élevé | B6: =COUNTIF(Scoring!G4:G23,"Élevée") -> 5
B8: Entreprises à surveiller | C8: =IFERROR(__xludf.DUMMYFUNCTION("QUERY(Scoring!A2:G21,""SELECT A, G WHERE G = 'Élevée'"",0)"),"SCI THETA") -> SCI THETA | D8: =IFERROR(__xludf.DUMMYFUNCTION("""COMPUTED_VALUE"""),"Élevée") -> Élevée
C9: =IFERROR(__xludf.DUMMYFUNCTION("""COMPUTED_VALUE"""),"SAS KAPPA") -> SAS KAPPA | D9: =IFERROR(__xludf.DUMMYFUNCTION("""COMPUTED_VALUE"""),"Élevée") -> Élevée
C10: =IFERROR(__xludf.DUMMYFUNCTION("""COMPUTED_VALUE"""),"SARL LAMBDA") -> SARL LAMBDA | D10: =IFERROR(__xludf.DUMMYFUNCTION("""COMPUTED_VALUE"""),"Élevée") -> Élevée
C11: =IFERROR(__xludf.DUMMYFUNCTION("""COMPUTED_VALUE"""),"SCI NU") -> SCI NU | D11: =IFERROR(__xludf.DUMMYFUNCTION("""COMPUTED_VALUE"""),"Élevée") -> Élevée
C12: =IFERROR(__xludf.DUMMYFUNCTION("""COMPUTED_VALUE"""),"SCI SIGMA") -> SCI SIGMA | D12: =IFERROR(__xludf.DUMMYFUNCTION("""COMPUTED_VALUE"""),"Élevée") -> Élevée
